{"cameraMode":{"drawMode":0,"name":"Shaded","section":"Shading Mode"},"sceneLighting":false,"audioPlay":false,"sceneViewState":{"showFog":true,"showMaterialUpdate":false,"showSkybox":false,"showFlares":true,"showImageEffects":true,"showParticleSystems":true},"in2DMode":false,"pivot":{"x":-0.03376591205596924,"y":1.9547390937805176,"z":-15.696998596191407},"rotation":{"x":-0.0033094228710979225,"y":-0.006902787834405899,"z":0.000022685488147544675,"w":-0.9999711513519287},"size":9.413131713867188,"orthographic":false}