{"cameraMode":{"drawMode":0,"name":"Shaded","section":"Shading Mode"},"sceneLighting":true,"audioPlay":false,"sceneViewState":{"showFog":true,"showMaterialUpdate":false,"showSkybox":true,"showFlares":true,"showImageEffects":true,"showParticleSystems":true},"in2DMode":false,"pivot":{"x":1.8544588088989258,"y":-67.07565307617188,"z":-51.08503723144531},"rotation":{"x":-0.0028134940657764675,"y":-0.9046280384063721,"z":0.42621728777885439,"w":-0.00609451811760664},"size":128.18145751953126,"orthographic":false}